source_file,backend,mode,n,M,run,time_s,data_sent_MB_party0,rounds
mascot_nomerge_BA_n10_M10000_run1.txt,MASCOT,BA,10,10000,1,86.9179,1756.35,5035
mascot_nomerge_BA_n10_M10000_run2.txt,MASCOT,BA,10,10000,2,87.4241,1756.35,5035
mascot_nomerge_BA_n10_M10000_run3.txt,MASCOT,BA,10,10000,3,92.937,1756.35,5035
mascot_nomerge_BA_n10_M1000_run1.txt,MASCOT,BA,10,1000,1,14.4633,175.724,607
mascot_nomerge_BA_n10_M1000_run2.txt,MASCOT,BA,10,1000,2,14.4283,175.724,607
mascot_nomerge_BA_n10_M1000_run3.txt,MASCOT,BA,10,1000,3,16.0615,175.724,607
mascot_nomerge_BA_n10_M100_run1.txt,MASCOT,BA,10,100,1,5.17566,17.7415,283
mascot_nomerge_BA_n10_M100_run2.txt,MASCOT,BA,10,100,2,3.41986,17.7415,283
mascot_nomerge_BA_n10_M100_run3.txt,MASCOT,BA,10,100,3,3.89071,17.7415,283
mascot_nomerge_BA_n2_M10000_run1.txt,MASCOT,BA,2,10000,1,3.02903,195.15,619
mascot_nomerge_BA_n2_M10000_run2.txt,MASCOT,BA,2,10000,2,2.88868,195.15,619
mascot_nomerge_BA_n2_M10000_run3.txt,MASCOT,BA,2,10000,3,3.34079,195.15,619
mascot_nomerge_BA_n2_M1000_run1.txt,MASCOT,BA,2,1000,1,0.499368,19.5249,79
mascot_nomerge_BA_n2_M1000_run2.txt,MASCOT,BA,2,1000,2,0.433565,19.5249,79
mascot_nomerge_BA_n2_M1000_run3.txt,MASCOT,BA,2,1000,3,0.550174,19.5249,79
mascot_nomerge_BA_n2_M100_run1.txt,MASCOT,BA,2,100,1,0.10212,1.97127,43
mascot_nomerge_BA_n2_M100_run2.txt,MASCOT,BA,2,100,2,0.111592,1.97127,43
mascot_nomerge_BA_n2_M100_run3.txt,MASCOT,BA,2,100,3,0.0871065,1.97127,43
mascot_nomerge_BA_n3_M10000_run1.txt,MASCOT,BA,3,10000,1,5.4179,390.299,1171
mascot_nomerge_BA_n3_M10000_run2.txt,MASCOT,BA,3,10000,2,5.48291,390.299,1171
mascot_nomerge_BA_n3_M10000_run3.txt,MASCOT,BA,3,10000,3,5.48548,390.299,1171
mascot_nomerge_BA_n3_M1000_run1.txt,MASCOT,BA,3,1000,1,1.14195,39.0497,145
mascot_nomerge_BA_n3_M1000_run2.txt,MASCOT,BA,3,1000,2,1.08575,39.0497,145
mascot_nomerge_BA_n3_M1000_run3.txt,MASCOT,BA,3,1000,3,1.15241,39.0497,145
mascot_nomerge_BA_n3_M100_run1.txt,MASCOT,BA,3,100,1,0.190557,3.94255,73
mascot_nomerge_BA_n3_M100_run2.txt,MASCOT,BA,3,100,2,0.183262,3.94255,73
mascot_nomerge_BA_n3_M100_run3.txt,MASCOT,BA,3,100,3,0.165184,3.94255,73
mascot_nomerge_BA_n5_M10000_run1.txt,MASCOT,BA,5,10000,1,26.8887,780.598,2275
mascot_nomerge_BA_n5_M10000_run2.txt,MASCOT,BA,5,10000,2,28.0603,780.598,2275
mascot_nomerge_BA_n5_M10000_run3.txt,MASCOT,BA,5,10000,3,29.2884,780.598,2275
mascot_nomerge_BA_n5_M1000_run1.txt,MASCOT,BA,5,1000,1,4.86104,78.0995,277
mascot_nomerge_BA_n5_M1000_run2.txt,MASCOT,BA,5,1000,2,4.62097,78.0995,277
mascot_nomerge_BA_n5_M1000_run3.txt,MASCOT,BA,5,1000,3,5.13676,78.0995,279
mascot_nomerge_BA_n5_M100_run1.txt,MASCOT,BA,5,100,1,0.525845,7.8851,133
mascot_nomerge_BA_n5_M100_run2.txt,MASCOT,BA,5,100,2,0.491257,7.8851,133
mascot_nomerge_BA_n5_M100_run3.txt,MASCOT,BA,5,100,3,0.563104,7.8851,133
mascot_nomerge_BL_n10_M10000_run1.txt,MASCOT,BL,10,10000,1,112.276,1756.35,181435
mascot_nomerge_BL_n10_M10000_run2.txt,MASCOT,BL,10,10000,2,96.3525,1756.35,181435
mascot_nomerge_BL_n10_M10000_run3.txt,MASCOT,BL,10,10000,3,92.9978,1756.35,181435
mascot_nomerge_BL_n10_M1000_run1.txt,MASCOT,BL,10,1000,1,22.591,175.724,18247
mascot_nomerge_BL_n10_M1000_run2.txt,MASCOT,BL,10,1000,2,14.1896,175.724,18247
mascot_nomerge_BL_n10_M1000_run3.txt,MASCOT,BL,10,1000,3,13.3239,175.724,18247
mascot_nomerge_BL_n10_M100_run1.txt,MASCOT,BL,10,100,1,3.60504,17.7415,2047
mascot_nomerge_BL_n10_M100_run2.txt,MASCOT,BL,10,100,2,4.52943,17.7415,2047
mascot_nomerge_BL_n10_M100_run3.txt,MASCOT,BL,10,100,3,3.86573,17.7415,2047
mascot_nomerge_BL_n2_M10000_run1.txt,MASCOT,BL,2,10000,1,5.12259,195.15,20219
mascot_nomerge_BL_n2_M10000_run2.txt,MASCOT,BL,2,10000,2,5.13595,195.15,20219
mascot_nomerge_BL_n2_M10000_run3.txt,MASCOT,BL,2,10000,3,5.7088,195.15,20219
mascot_nomerge_BL_n2_M1000_run1.txt,MASCOT,BL,2,1000,1,0.795764,19.5249,2039
mascot_nomerge_BL_n2_M1000_run2.txt,MASCOT,BL,2,1000,2,0.673662,19.5249,2039
mascot_nomerge_BL_n2_M1000_run3.txt,MASCOT,BL,2,1000,3,0.683216,19.5249,2039
mascot_nomerge_BL_n2_M100_run1.txt,MASCOT,BL,2,100,1,0.111021,1.97127,239
mascot_nomerge_BL_n2_M100_run2.txt,MASCOT,BL,2,100,2,0.094828,1.97127,239
mascot_nomerge_BL_n2_M100_run3.txt,MASCOT,BL,2,100,3,0.0956057,1.97127,239
mascot_nomerge_BL_n3_M10000_run1.txt,MASCOT,BL,3,10000,1,7.54205,390.299,40371
mascot_nomerge_BL_n3_M10000_run2.txt,MASCOT,BL,3,10000,2,7.2503,390.299,40371
mascot_nomerge_BL_n3_M10000_run3.txt,MASCOT,BL,3,10000,3,9.07468,390.299,40371
mascot_nomerge_BL_n3_M1000_run1.txt,MASCOT,BL,3,1000,1,1.52217,39.0497,4065
mascot_nomerge_BL_n3_M1000_run2.txt,MASCOT,BL,3,1000,2,1.30734,39.0497,4065
mascot_nomerge_BL_n3_M1000_run3.txt,MASCOT,BL,3,1000,3,1.39449,39.0497,4065
mascot_nomerge_BL_n3_M100_run1.txt,MASCOT,BL,3,100,1,0.185854,3.94255,465
mascot_nomerge_BL_n3_M100_run2.txt,MASCOT,BL,3,100,2,0.206382,3.94255,465
mascot_nomerge_BL_n3_M100_run3.txt,MASCOT,BL,3,100,3,0.221081,3.94255,465
mascot_nomerge_BL_n5_M10000_run1.txt,MASCOT,BL,5,10000,1,35.2997,780.598,80677
mascot_nomerge_BL_n5_M10000_run2.txt,MASCOT,BL,5,10000,2,35.1692,780.598,80675
mascot_nomerge_BL_n5_M10000_run3.txt,MASCOT,BL,5,10000,3,32.1701,780.598,80675
mascot_nomerge_BL_n5_M1000_run1.txt,MASCOT,BL,5,1000,1,5.29045,78.0995,8117
mascot_nomerge_BL_n5_M1000_run2.txt,MASCOT,BL,5,1000,2,6.1136,78.0995,8117
mascot_nomerge_BL_n5_M1000_run3.txt,MASCOT,BL,5,1000,3,6.80048,78.0995,8117
mascot_nomerge_BL_n5_M100_run1.txt,MASCOT,BL,5,100,1,0.593774,7.8851,917
mascot_nomerge_BL_n5_M100_run2.txt,MASCOT,BL,5,100,2,0.562429,7.8851,917
mascot_nomerge_BL_n5_M100_run3.txt,MASCOT,BL,5,100,3,0.544937,7.8851,917
lowgear_nomerge_BA_n2_M10000_run1.txt,LowGear,BA,2,10000,1,13.5837,110.44,1175
lowgear_nomerge_BA_n2_M10000_run2.txt,LowGear,BA,2,10000,2,12.6449,110.44,1175
lowgear_nomerge_BA_n2_M10000_run3.txt,LowGear,BA,2,10000,3,13.9106,110.44,1175
lowgear_nomerge_BA_n2_M1000_run1.txt,LowGear,BA,2,1000,1,12.608,110.152,815
lowgear_nomerge_BA_n2_M1000_run2.txt,LowGear,BA,2,1000,2,13.4493,110.152,815
lowgear_nomerge_BA_n2_M1000_run3.txt,LowGear,BA,2,1000,3,12.6714,110.152,815
lowgear_nomerge_BA_n3_M10000_run1.txt,LowGear,BA,3,10000,1,26.3037,220.88,2299
lowgear_nomerge_BA_n3_M10000_run2.txt,LowGear,BA,3,10000,2,27.3955,220.88,2299
lowgear_nomerge_BA_n3_M10000_run3.txt,LowGear,BA,3,10000,3,26.4346,220.88,2299
lowgear_nomerge_BA_n5_M10000_run1.txt,LowGear,BA,5,10000,1,88.6886,441.759,4547
lowgear_nomerge_BA_n5_M10000_run2.txt,LowGear,BA,5,10000,2,75.2398,441.759,4547
lowgear_nomerge_BA_n5_M10000_run3.txt,LowGear,BA,5,10000,3,73.7234,441.759,4547
lowgear_nomerge_BA_n5_M1000_run1.txt,LowGear,BA,5,1000,1,82.9965,440.607,3107
lowgear_nomerge_BA_n5_M1000_run2.txt,LowGear,BA,5,1000,2,74.0346,440.607,3107
lowgear_nomerge_BA_n5_M1000_run3.txt,LowGear,BA,5,1000,3,74.491,440.607,3107
lowgear_nomerge_BL_n2_M10000_run1.txt,LowGear,BL,2,10000,1,17.7779,110.44,20775
lowgear_nomerge_BL_n2_M10000_run2.txt,LowGear,BL,2,10000,2,13.9412,110.44,20775
lowgear_nomerge_BL_n2_M10000_run3.txt,LowGear,BL,2,10000,3,14.104,110.44,20775
lowgear_nomerge_BL_n2_M1000_run1.txt,LowGear,BL,2,1000,1,13.9567,110.152,2775
lowgear_nomerge_BL_n2_M1000_run2.txt,LowGear,BL,2,1000,2,12.842,110.152,2775
lowgear_nomerge_BL_n2_M1000_run3.txt,LowGear,BL,2,1000,3,12.6805,110.152,2775
lowgear_nomerge_BL_n3_M10000_run1.txt,LowGear,BL,3,10000,1,34.2836,220.88,41499
lowgear_nomerge_BL_n3_M10000_run2.txt,LowGear,BL,3,10000,2,28.572,220.88,41499
lowgear_nomerge_BL_n3_M10000_run3.txt,LowGear,BL,3,10000,3,29.1548,220.88,41499
lowgear_nomerge_BL_n5_M10000_run1.txt,LowGear,BL,5,10000,1,93.5307,441.759,82947
lowgear_nomerge_BL_n5_M10000_run2.txt,LowGear,BL,5,10000,2,105.801,441.759,82947
lowgear_nomerge_BL_n5_M10000_run3.txt,LowGear,BL,5,10000,3,95.6349,441.759,82947
lowgear_nomerge_BL_n5_M1000_run1.txt,LowGear,BL,5,1000,1,89.2102,440.607,10947
lowgear_nomerge_BL_n5_M1000_run2.txt,LowGear,BL,5,1000,2,88.7117,440.607,10947
lowgear_nomerge_BL_n5_M1000_run3.txt,LowGear,BL,5,1000,3,75.6334,440.607,10947
