n,M,mode,time_mean_s,time_sd_sample_s,ci95_halfwidth_s,data_per_party_MB,rounds_min,rounds_max,runs
2,1000,BL,13.16,0.695,1.726,110.152,2775,2775,3
2,1000,BA,12.91,0.468,1.164,110.152,815,815,3
2,10000,BL,15.274,2.17,5.39,110.44,20775,20775,3
2,10000,BA,13.38,0.657,1.632,110.44,1175,1175,3
3,10000,BL,30.67,3.143,7.808,220.88,41499,41499,3
3,10000,BA,26.711,0.596,1.481,220.88,2299,2299,3
5,1000,BL,84.518,7.699,19.126,440.607,10947,10947,3
5,1000,BA,77.174,5.048,12.54,440.607,3107,3107,3
5,10000,BL,98.322,6.562,16.302,441.759,82947,82947,3
5,10000,BA,79.217,8.237,20.464,441.759,4547,4547,3
